{
    "허한" : 0,
    "실열" : 1,
    "청쾌" : 2,
    "홍소" : 3,
    "소화" : 4,
    "가스@" : 5,
    "가스" : 6,
    "음적" : 7,
    "심혈" : 8,
    "협심" : 9,
    "속쓰림" : 10,
    "체기" : 11,
    "변비" : 12,
    "보약" : 13,
    "설사" : 14,
    "갱년기" : 15,
    "어지럼" : 16,
    "두통" : 17,
    "소체" : 18,
    "중체" : 19,
    "실체" : 20,
    "수자심" : 21,
    "옻" : 22,
    "수면" : 23,
    "수면2" : 24,
    "총명" : 25,
    "피부" : 26,
    "여드름" : 27,
    "아토피" : 28,
    "두드러기" : 29,
    "관절" : 30,
    "당뇨" : 31,
    "BC" : 32
}