{
    "성별" : [0, "basic_info", "gender"],
    "나이" : [1, "basic_info", "age"],
    "신장" : [2, "basic_info", "height"],
    "체중" : [3, "basic_info", "weight"],
    "혈압수축" : [4, "basic_info", "blood_high"],
    "혈압이완" : [5, "basic_info", "blood_low"],
    "복진상" : [6, "abdominal", "복부상"],
    "복진하좌" : [7, "abdominal", "복부하좌"],
    "복진하우" : [8, "abdominal", "복부하우"],
    "급" : [9, "bodychart", "급"],
    "폭" : [10, "bodychart", "폭"],
    "과" : [11, "bodychart", "과"],
    "불" : [12, "bodychart", "불"],
    "면" : [13, "bodychart", "면"],
    "육" : [14, "bodychart", "육"],
    "인" : [15, "bodychart", "인"],
    "두통" : [16, "bodychart", "두통"],
    "현훈" : [17, "bodychart", "현훈"],
    "두불청" : [18, "bodychart", "두불청"],
    "두중감" : [19, "bodychart", "두중감"],
    "안면불면" : [20, "bodychart", "안면불면"],
    "천면" : [21, "bodychart", "천면"],
    "다몽" : [22, "bodychart", "다몽"],
    "안구건조" : [23, "bodychart", "안구건조"],
    "피로감" : [24, "bodychart", "피로감"],
    "구취" : [25, "bodychart", "구취"],
    "구건" : [26, "bodychart", "구건"],
    "구고" : [27, "bodychart", "구고"],
    "구내염" : [28, "bodychart", "구내염"],
    "건망증" : [29, "bodychart", "건망증"],
    "해수" : [30, "bodychart", "해수"],
    "객담" : [31, "bodychart", "객담"],
    "목이물감" : [32, "bodychart", "목이물감"],
    "인통" : [33, "bodychart", "인통"],
    "견통" : [34, "bodychart", "견통"],
    "항강" : [35, "bodychart", "항강"],
    "소화불량" : [36, "bodychart", "소화불량"],
    "체함" : [37, "bodychart", "체함"],
    "명치답답" : [38, "bodychart", "명치답답"],
    "명치통증" : [39, "bodychart", "명치통증"],
    "두근거림" : [40, "bodychart", "두근거림"],
    "불안" : [41, "bodychart", "불안"],
    "등뻐근" : [42, "bodychart", "등뻐근"],
    "가슴답답" : [43, "bodychart", "가슴답답"],
    "가슴통증" : [44, "bodychart", "가슴통증"],
    "상열감" : [45, "bodychart", "상열감"],
    "숨참" : [46, "bodychart", "숨참"],
    "더부룩상" : [47, "bodychart", "더부룩상"],
    "더부룩하" : [48, "bodychart", "더부룩하"],
    "트림공복" : [49, "bodychart", "트림공복"],
    "트림식후" : [50, "bodychart", "트림식후"],
    "속쓰림공복" : [51, "bodychart", "속쓰림공복"],
    "속쓰림식후" : [52, "bodychart", "속쓰림식후"],
    "하복냉" : [53, "bodychart", "하복냉"],
    "역류공복" : [54, "bodychart", "역류공복"],
    "역류식후" : [55, "bodychart", "역류식후"],
    "오심" : [56, "bodychart", "오심"],
    "복통" : [57, "bodychart", "복통"],
    "소변양호" : [58, "bodychart", "소변양호"],
    "배뇨지연" : [59, "bodychart", "배뇨지연"],
    "빈삭" : [60, "bodychart", "빈삭"],
    "잔뇨감" : [61, "bodychart", "잔뇨감"],
    "생리불순" : [62, "bodychart", "생리불순"],
    "폐경" : [63, "bodychart", "폐경"],
    "생리통" : [64, "bodychart", "생리통"],
    "냉대하" : [65, "bodychart", "냉대하"],
    "대변일" : [66, "bodychart", "대변일"],
    "대변회" : [67, "bodychart", "대변회"],
    "단단" : [68, "bodychart", "단단"],
    "무름" : [69, "bodychart", "무름"],
    "설사" : [70, "bodychart", "설사"],
    "잔변감" : [71, "bodychart", "잔변감"],
    "열감냉감" : [72, "bodychart", "열감냉감"],
    "eav1" : [73, "eav", "input-eav-1"],
    "eav2" : [74, "eav", "input-eav-2"],
    "eav3" : [75, "eav", "input-eav-3"],
    "eav4" : [76, "eav", "input-eav-4"],
    "eav5" : [77, "eav", "input-eav-5"],
    "eav6" : [78, "eav", "input-eav-6"]
}