{
    "gender": {
        "W" : 0,
        "M" : 1
    },
    "안면불면": {
        "없음" : 0,
        "안면" : 1,
        "불면" : 2
    },
    "열감냉감" :{
        "없음" : 0,
        "열감" : 1,
        "냉감" : 2
    },
    "input-eav": {
        "위" : 0,
        "경추" : 1,
        "심장" : 2,
        "뇌" : 3,
        "전립선,방광/자궁,방광" : 4,
        "폐" : 5,
        "간" : 6,
        "담" : 7,
        "갑상선/부갑상선/췌장" : 8,
        "혈관/대동맥" : 9,
        "소장" : 10,
        "대장" : 11,
        "피부" : 12,
        "안/이/비" : 13,
        "복강" : 14,
        "신장" : 15
    }
}